-- ==========================================
-- 00_MOCK_DATA.SQL
-- ==========================================

-- Seeblick Klinikum --
DROP TABLE IF EXISTS core_location, core_staff, core_patient, core_person, f_action_item, f_incident CASCADE;


CREATE TABLE core_person(
  person_id INT PRIMARY KEY,
  full_name TEXT,
  dob TEXT,
  phone TEXT,
  address TEXT
);

CREATE TABLE core_patient(
  patient_id INT PRIMARY KEY,
  person_id INT,
  mrn_raw TEXT,
  mrn_norm TEXT,
  insurer_raw TEXT,
  insurance_model TEXT,
  ward_class TEXT
);

CREATE TABLE core_staff(
  staff_id INT PRIMARY KEY,
  staff_key TEXT,
  full_name TEXT,
  role TEXT,
  department TEXT
);

CREATE TABLE core_location(
  location_id INT PRIMARY KEY,
  location_code TEXT,
  location_type TEXT,
  description TEXT
);

CREATE TABLE f_incident(
  incident_id INT PRIMARY KEY, 
  reported_ts TEXT, 
  event_ts TEXT, 
  patient_id INT, 
  patient_key_raw TEXT, 
  location_id INT, 
  location_raw TEXT, 
  staff_id INT, 
  reported_by_raw TEXT, 
  category TEXT, 
  severity TEXT, 
  description TEXT
);

CREATE TABLE f_action_item(
  action_id INT PRIMARY KEY, 
  incident_id INT, 
  assigned_staff_id INT, 
  assigned_to_raw TEXT, 
  due_date TEXT, 
  completed_on TEXT, 
  status TEXT, 
  note TEXT
);

INSERT INTO core_person(person_id,full_name,dob,phone,address) VALUES
('1','Lea Weber','1990-11-02','041 174 78 22','Löwenstr. 108, 6003 Horw'),
('2','Jan Suter','1955-04-21','041/150-38-15','Seebrücke 75, 6014 Kriens'),
('3','Giulia Rossi','1963-02-19','041 684 91 34','Weggisgasse 128, 6037 Buchrain'),
('4','Mauro Steiner','1986-05-08','+41 41 898 41 20','Maihofstrasse 187, 6020 Ebikon'),
('5','Chiara Koch','1961-06-05','041/686-50-53','Bruchstrasse 153, 6020 Reussbühl'),
('6','Noah Baumann','2000-12-22','041/797-67-46','Industriestrasse 172, 6010 Luzern'),
('7','Sara Keller','2003-01-07','041 886 46 26','Dorfstrasse 103, 6030 Ebikon'),
('8','Nora Bachmann','1975-12-14','041/280-29-39','Furrengasse 4, 6020 Reussbühl'),
('9','Lina Koch','2008-06-20','+41 41 807 75 89','Industriestr. 102, 6014 Adligenswil'),
('10','Mia Hofmann','1948-04-15','041/100-82-29','Hirschengraben 94, 6032 Luzern'),
('11','Alina Weber','2021-05-12','+41 41 225 24 72','Zürichstrasse 37, 6003 Sarnen'),
('12','Jan Bianchi','1960-09-01','041/127-77-48','Zürichstrasse 179, 6006 Buchrain'),
('13','Marco Brunner','2008-09-25','041/925-40-61','Furrengasse 52, 6030 Root'),
('14','Luca Ferrari','1975-08-09','041 298 98 87','Furrengasse 121, 6005 Meggen'),
('15','Paul Huber','1940-08-21','041 452 92 20','Löwenstrasse 163, 6010 Emmen'),
('16','Alina Steiner','1991-12-03','041 842 30 31','Museggstrasse 169, 6010 Kriens'),
('17','Luca Ferrari','2023-02-17','+41 41 992 34 37','Furrengasse 196, 6032 Meggen'),
('18','Lina Meier','1985-08-22','041/644-29-77','Pilatustr. 113, 6004 Reussbühl'),
('19','Leo Weber','2000-10-24','041 223 81 17','Haldenstr. 64, 6005 Ebikon'),
('20','Elena Bachmann','1943-02-15','041/809-45-67','Museggstrasse 130, 6005 Sarnen'),
('21','Yara Baumann','2011-04-27','041 558 27 63','Löwenstrasse 19, 6005 Stans'),
('22','Marco Weber','2022-11-12','041/507-72-30','Furrengasse 42, 6014 Buchrain'),
('23','David Bieri','1951-12-12','041/493-52-76','Kasernenplatz 132, 6003 Emmen'),
('24','Paul Keller','1950-05-09','+41 41 873 26 64','Seebrücke 138, 6030 Reussbühl'),
('25','Nina Meier','1963-07-03','+41 41 190 43 20','Hirschengraben 117, 6000 Meggen'),
('26','Yara Baumann','2019-03-02','041/285-35-49','Kasernenplatz 136, 6005 Ebikon'),
('27','Nina Zimmermann','1942-05-02','041 115 12 74','Löwenstrasse 169, 6020 Buchrain'),
('28','Chiara Gerber','1967-04-11','041 303 91 27','Moostr. 111, 6004 Luzern'),
('29','Nora Lutz','1976-10-08','+41 41 570 33 30','Bruchstrasse 85, 6030 Meggen'),
('30','Jonas Hofmann','1985-03-01','041/771-35-41','Pilatusstrasse 24, 6006 Emmen'),
('31','Alina Müller','1978-05-21','+41 41 641 29 94','Museggstrasse 39, 6006 Sarnen'),
('32','Jan Bianchi','2005-11-14','041/682-12-97','Furrengasse 22, 6000 Luzern'),
('33','Emma Arnold','1997-09-02','+41 41 644 97 41','Zürichstr. 192, 6030 Buchrain'),
('34','Laura Fontana','2000-05-26','+41 41 846 36 39','Industriestrasse 20, 6020 Stans'),
('35','Tim Giangreco','1965-02-20','041 250 52 42','Museggstrasse 16, 6020 Ebikon'),
('36','Sofia Rossi','2002-05-23','041 628 46 69','Museggstr. 5, 6006 Root'),
('37','Elena Baumann','1989-04-07','041/468-26-87','Moosstrasse 29, 6010 Horw'),
('38','Alina Müller','1960-01-16','041 797 67 61','Maihofstrasse 1, 6010 Meggen'),
('39','Yara Hofmann','1941-12-10','+41 41 502 59 85','Haldenstrasse 72, 6003 Luzern'),
('40','Yara Weber','1971-05-14','041/129-90-61','Weggisgasse 185, 6003 Luzern'),
('41','Sara Moretti','1957-11-28','+41 41 663 26 31','Kasernenplatz 66, 6037 Ebikon'),
('42','Fabio Bachmann','1990-02-06','+41 41 312 74 73','Dorfstrasse 110, 6004 Buchrain'),
('43','Lea Bachmann','1951-06-08','041 477 43 82','Industriestrasse 70, 6010 Luzern'),
('44','David Weber','2004-09-21','+41 41 377 41 59','Kasernenplatz 6, 6004 Luzern'),
('45','Anna Gasser','2015-08-01','041 174 60 77','Seebrücke 134, 6037 Emmen'),
('46','Tim Moretti','1998-02-18','041/683-14-92','Kasernenplatz 33, 6037 Ebikon'),
('47','Marco Keller','1952-02-10','041 637 84 34','Kasernenplatz 118, 6006 Meggen'),
('48','Fabio Lutz','1970-09-08','041/298-73-96','Löwenstrasse 21, 6006 Horw'),
('49','Elias Gasser','1944-12-11','041 835 63 56','Weggisgasse 127, 6005 Ebikon'),
('50','Elena Brunner','1973-05-04','041/527-95-17','Seebrücke 101, 6000 Horw');

INSERT INTO core_patient(patient_id,person_id,mrn_raw,mrn_norm,insurer_raw,insurance_model,ward_class) VALUES
('1','1','MRN 000001','000001','Helsana','STD','privat'),
('2','2','000002','000002','Sympany','TEL-MED','privat'),
('3','3','MRN-00000O','00000O','Groupe Mutuel','Hausarzt','allgemein'),
('4','4','mrn-000004','000004','SWICA','Standard','halbprivat'),
('5','5','mrn-000005','000005','Sanitas','Hausarzt','halbprivat'),
('6','6','MRN-000006','000006','Groupe Mutuel','Telmed','allgemein'),
('7','7','MRN 000007','000007','Sympany','Standard','priv.'),
('8','8','mrn-000008','000008','Visana-','Standard','halbprivat'),
('9','9','000009','000009','KPT.','Hausarzt','halbprivat'),
('10','10','MRN 000010','000010','Visana','Telmed','priv.'),
('11','11','MRN-00001O','00001O','Visana-','Standard','halbprivat'),
('12','12','MRN 000012','000012','Assura','Hausarzt','halbprivat'),
('13','13','MRN-00001O','00001O','CSS','Standard','privat'),
('14','14','MRN-000014','000014','Sanitas','STD','priv.'),
('15','15','MRN-00001O','00001O','Sympany','Standard','privat'),
('16','16','000016','000016','KPT.','Telmed','allgemein'),
('17','17','mrn-000017','000017','HelSana','STD','HALBPRIVAT'),
('18','18','000018','000018','KPT.','TEL-MED','Allg.'),
('19','19','MRN-000019','000019','SWICA','HMO','halbprivat'),
('20','20','mrn-000020','000020','Visana','TEL-MED','priv.'),
('21','21','000021','000021','Visana-','TEL-MED','privat'),
('22','22','000022','000022','Sympany','Standard','privat'),
('23','23','MRN-000023','000023','CONCORD1A','Standard','Allg.'),
('24','24','000024','000024','Group Mutuel','Hausarzt','allgemein'),
('25','25','000025','000025','CSS','Standard','priv.'),
('26','26','MRN-000026','000026','Group Mutuel','Telmed','HALBPRIVAT'),
('27','27','000027','000027','KPT','Telmed','Allg.'),
('28','28','mrn-000028','000028','CS S','Telmed','privat'),
('29','29','MRN 000029','000029','KPT','HMO','priv.'),
('30','30','MRN-00003O','00003O','Sanitas AG','TEL-MED','halbprivat'),
('31','31','000031','000031','SW!CA','TEL-MED','allgemein'),
('32','32','MRN-00003O','00003O','SW!CA','TEL-MED','priv.'),
('33','33','MRN-000033','000033','Sanitas','HMO+','HALBPRIVAT'),
('34','34','mrn-000034','000034','CONCORD1A','HMO+','HALBPRIVAT'),
('35','35','MRN 000035','000035','KPT.','TEL-MED','priv.'),
('36','36','mrn-000036','000036','Assurra','Standard','privat'),
('37','37','000037','000037','Groupe Mutuel','Standard','allgemein'),
('38','38','MRN-00003O','00003O','Sanitas','Telmed','privat'),
('39','39','000039','000039','Visana-','Hausarzt','allgemein'),
('40','40','MRN 000040','000040','CSS','Telmed','HALBPRIVAT'),
('41','41','MRN 000041','000041','Assurra','Telmed','HALBPRIVAT'),
('42','42','MRN-00004O','00004O','Sympany','TEL-MED','Allg.'),
('43','43','mrn-000043','000043','CONCORD1A','TEL-MED','HALBPRIVAT'),
('44','44','MRN-000044','000044','CS S','TEL-MED','priv.'),
('45','45','mrn-000045','000045','Sanitas','?','allgemein'),
('46','46','MRN-00004O','00004O','CONCORD1A','Hausarzt','HALBPRIVAT'),
('47','47','000047','000047','Sympany','HMO+','priv.'),
('48','48','mrn-000048','000048','CONCORD1A','TEL-MED','HALBPRIVAT'),
('49','49','mrn-000049','000049','KPT','HMO','Allg.'),
('50','50','MRN-00005O','00005O','Visana','Standard','HALBPRIVAT');

INSERT INTO core_staff(staff_id,staff_key,full_name,role,department) VALUES
('1','st0001','Paul Koch','doctor','Laboratory'),
('2','NU-002','Jan Fischer','nurse','Gynecology'),
('3','STAFF 3','Yara Gerber','pharmacist','Dermatology'),
('4','STAFF 4','Sara Suter','nurse','ENT'),
('5','NU-005','Mia Bachmann','admin','Internal Medicine'),
('6','STAFF 6','Marco Keller','admin','Psychiatry'),
('7','DR-007','Jonas Baumann','doctor','Psychiatry'),
('8','NU-008','Hannah Koch','pharmacist','Oncology'),
('9','st0009','Jan Koch','pharmacist','Urology'),
('10','NU-010','Yara Arnold','doctor','Oncology'),
('11','STAFF 11','Chiara Steiner','admin','Internal Medicine'),
('12','st0012','Tim Suter','nurse','Emergency'),
('13','STAFF 13','Nina Müller','admin','Neurology'),
('14','NU-014','Nora Müller','doctor','ENT'),
('15','ST 0015','Jonas Bieri','nurse','Internal Medicine'),
('16','STAFF 16','Jonas Brunner','doctor','Laboratory'),
('17','DR-017','Lina Weber','lab_tech','Anesthesia'),
('18','DR-018','Paul Moretti','pharmacist','Physiotherapy'),
('19','DR-019','Jan Gerber','lab_tech','Administration'),
('20','NU-020','Yara Moretti','pharmacist','Psychiatry'),
('21','NU-021','Luca Moretti','nurse','Psychiatry'),
('22','DR-022','Laura Bianchi','lab_tech','Surgery'),
('23','NU-023','Lina Fontana','doctor','Cardiology'),
('24','NU-024','Jan Fontana','admin','Neurology'),
('25','ST-0025','Yara Moretti','doctor','Radiology'),
('26','ST-0026','Anna Müller','admin','Anesthesia'),
('27','DR-027','Chiara Fontana','lab_tech','ICU'),
('28','DR-028','Nora Zimmermann','nurse','Surgery'),
('29','ST 0029','Anna Steiner','nurse','Pharmacy'),
('30','ST-0030','Fabio Bachmann','nurse','Orthopedics'),
('31','st0031','Luca Koch','nurse','Orthopedics'),
('32','st0032','Mauro Gasser','lab_tech','Cardiology'),
('33','ST-0033','Laura Lutz','nurse','ICU'),
('34','NU-034','Laura Schmid','nurse','Psychiatry'),
('35','STAFF 35','Leo Schmid','doctor','Surgery'),
('36','STAFF 36','Noah Hofmann','doctor','Neurology'),
('37','ST-0037','Leo Ferrari','pharmacist','Administration'),
('38','st0038','Luca Moretti','pharmacist','Radiology'),
('39','ST-0039','Yara Ferrari','admin','Internal Medicine'),
('40','STAFF 40','Luca Brunner','doctor','Internal Medicine'),
('41','ST-0041','Anna Meier','nurse','Pediatrics'),
('42','ST-0042','Emma Brunner','nurse','Gynecology'),
('43','DR-043','Paul Gerber','lab_tech','Laboratory'),
('44','st0044','Emma Fontana','nurse','Emergency'),
('45','ST-0045','Laura Hofmann','pharmacist','Laboratory'),
('46','st0046','Fabio Schmid','nurse','Cardiology'),
('47','st0047','Lina Gasser','nurse','Laboratory'),
('48','ST-0048','Elias Suter','lab_tech','Cardiology'),
('49','st0049','Elias Meier','doctor','ENT'),
('50','ST-0050','Simon Brunner','lab_tech','Emergency');

INSERT INTO core_location(location_id,location_code,location_type,description) VALUES
('1','ED-R1','room','ED-R1'),
('2','ED-R2','room','ED-R2'),
('3','ED-R3','room','ED-R3'),
('4','ED-R4','OR','ED-R4'),
('5','ED-R5','room','ED-R5'),
('6','ED-R6','room','ED-R6'),
('7','ED-R7','room','ED-R7'),
('8','ED-R8','room','ED-R8'),
('9','ED-R9','room','ED-R9'),
('10','ED-R10','room','ED-R10'),
('11','ED-R11','room','ED-R11'),
('12','ED-R12','room','ED-R12'),
('13','ED-R13','room','ED-R13'),
('14','ED-R14','OR','ED-R14'),
('15','ED-R15','room','ED-R15'),
('16','ED-R16','room','ED-R16'),
('17','ED-R17','room','ED-R17'),
('18','ED-R18','room','ED-R18'),
('19','ED-R19','room','ED-R19'),
('20','ED-R20','room','ED-R20'),
('21','ED-R21','room','ED-R21'),
('22','ED-R22','room','ED-R22'),
('23','ED-R23','room','ED-R23'),
('24','ED-R24','room','ED-R24'),
('25','ED-R25','room','ED-R25'),
('26','ED-B1','bed','ED-B1'),
('27','ED-B2','bed','ED-B2'),
('28','ED-B3','bed','ED-B3'),
('29','ED-B4','bed','ED-B4'),
('30','ED-B5','other','ED-B5'),
('31','ED-B6','bed','ED-B6'),
('32','ED-B7','bed','ED-B7'),
('33','ED-B8','bed','ED-B8'),
('34','ED-B9','bed','ED-B9'),
('35','ED-B10','bed','ED-B10'),
('36','ED-B11','bed','ED-B11'),
('37','ED-B12','OR','ED-B12'),
('38','ED-B13','bed','ED-B13'),
('39','ED-B14','bed','ED-B14'),
('40','ED-B15','bed','ED-B15'),
('41','ED-HALL','room','ED-HALL'),
('42','ED-WR','room','ED-WR'),
('43','TRIAGE','room','TRIAGE'),
('44','OBS','bed','OBS'),
('45','OR-1','or','OR-1'),
('46','OR-2','or','OR-2'),
('47','OR-3','or','OR-3'),
('48','OR-4','or','OR-4'),
('49','OR-5','or','OR-5'),
('50','OR-6','or','OR-6');

INSERT INTO f_incident(incident_id,reported_ts,event_ts,patient_id,patient_key_raw,location_id,location_raw,staff_id,reported_by_raw,category,severity,description) VALUES
('1','2025-12-25 18:09:13','2025-02-18 01:48','1535','001535','108','Notfall','14','NU-014','near miss','critical','Delay in imaging due to system outage.'),
('2','28.12.2025 02:12','23.11.2025 20:21',NULL,'','37','ED-B12',NULL,'Dr. Meier','fall','medium','Documentation missing for procedure.'),
('3','18.09.2025 09:00','2025-03-30 02:43:33','414','MRN-00086O',NULL,'Surgery wing',NULL,'Dr. Meier','delay','high','Aggressive visitor incident; security called.'),
('4','2025-09-30 17:49:09','yesterday','1106','MRN-001635','90','ICU',NULL,'Dr. Meier','equipment failure','low','Infection control breach: hand hygiene missed.'),
('5','2025-04-29 22:23','2025-01-13 15:22',NULL,'',NULL,'Corridor','119','STAFF 119','infecton ctrl','high','Report filed late after shift.'),
('6','2025-07-18 20:05:53','','1579','001579',NULL,'',NULL,'','documentation error','med','Wrong dose administered; corrected later.'),
('7','2025-01-11 10:22','06.12.2025 15:03','470','',NULL,'','88','NU-088','violence','LOW','Equipment alarm ignored; no harm.'),
('8','2025-06-20 01:30',NULL,NULL,'','18','OR-1',NULL,'Anna M.','other','high','Report filed late after shift.'),
('9','2025-12-12 02:24:38',NULL,'1352','1352','100','Ward 3','311','DR-311','documentation error','H','Patient nearly fell during transfer.'),
('10','2025-02-19 07:19','2025-08-16 23:30:19',NULL,'','31','ED-B6',NULL,'Dr. Meier','wrong patient','??','Report filed late after shift.'),
('11','30.07.2025 07:49','2025-08-23 12:21','1657','001343',NULL,'Waiting Room','468','D R 468','documantation','med','Infection control breach: hand hygiene missed.'),
('12','15.02.2025 05:37','12.07.2025 03:27',NULL,'','94','W5-B1','255','NU-255','wrong patient','H','Infection control breach: hand hygiene missed.'),
('13','2025-06-04 00:21:58','2025-01-22 15:34:21','861','00086O',NULL,'','497','NU-497','nearmiss','??','Patient nearly fell during transfer.'),
('14','??','2025-10-24 20:18:07',NULL,'',NULL,'OR-1','49','st0049','documantation','medium','Report filed late after shift.'),
('15','2025-02-05 14:10:39','??','751','MRN 000751','101','OR-1','520','st0520','documentation error','low','Near miss: wrong patient wristband.'),
('16','09.12.2025 01:12','2025-06-03 19:03:53','1592','001592',NULL,'ICU','307','st0307','documentation error','low','Infection control breach: hand hygiene missed.'),
('17','2025-12-21 16:21:59','yesterday','1591','MRN-00159O','4','ED-R4','31','st0031','near miss','critical','Wrong dose administered; corrected later.'),
('18','18.08.2025 16:23','09.12.2025 17:50','60','mrn-000921','94','W5-B1','417','ST-0417','infection control','med','Documentation missing for procedure.'),
('19','2025-12-27 06:54','2025-12-16 00:08',NULL,'',NULL,'OR1','134','st0134','othre','medium','Documentation missing for procedure.'),
('20','2025-01-05 13:43:20','2025-11-27 07:57:46','553','000553','138','OR-1',NULL,'NurseA','documentation error','??','Wrong dose administered; corrected later.'),
('21','2025-10-16 05:43:50','2025-05-27 10:23:20','988','000988','3','OR 1','300','st0300','equipmnt fail','med','Documentation missing for procedure.'),
('22','20.12.2025 20:38','2025-05-13 04:18','9','9','130','Surgery wing','171','DR-171','medication error','critical','Delay in imaging due to system outage.'),
('23','09.12.2025 19:04','2025-01-22 17:37','176','','137','Ward 3','254','STAFF 254','delay','high','Infection control breach: hand hygiene missed.'),
('24','2025-05-22 15:40','2025-07-01 21:13:43','784','mrn-000784','79','OR 1',NULL,'Anna M.','infecton ctrl','H','Infection control breach: hand hygiene missed.'),
('25','06.11.2025 05:27','09.05.2025 02:44','426','MRN-001397',NULL,'',NULL,'','wrong pat.','medium','Delay in imaging due to system outage.'),
('26','30.07.2025 03:20','n/a','875','',NULL,'Pharmacy',NULL,'NurseA','violence','H','Aggressive visitor incident; security called.'),
('27','19.09.2025 09:03','2025-01-14 16:34',NULL,'MRN 001322','104','OR-1','37','ST-0037','violence','med','Aggressive visitor incident; security called.'),
('28','2025-08-16 09:07','2025-09-24 14:08','1614','001614',NULL,'','202','DR-202','medication error','med','Aggressive visitor incident; security called.'),
('29','2025-02-02 19:58:25','31.01.2025 16:20','47','',NULL,'','435','st0435','othre','medium','Delay in imaging due to system outage.'),
('30','2025-03-14 16:30:44','07.09.2025 18:13','259','259',NULL,'ICU','155','st0155','infection control','low','Documentation missing for procedure.'),
('31','2025-01-20 21:26','30.09.2025 06:23','1596','MRN 001596',NULL,'',NULL,'NurseA','equipmnt fail','H','Patient nearly fell during transfer.'),
('32','2025-02-18 02:30','03.01.2025 15:51','1124','','63','Corridor',NULL,'Dr. Meier','medication error','low','Equipment alarm ignored; no harm.'),
('33','2025-11-11 14:51:02','around 2pm','176','000176',NULL,'Notfall','208','STAFF 208','infection control','LOW','Near miss: wrong patient wristband.'),
('34','n/a','??','1263','001263','17','Ward 3',NULL,'Dr. Meier','other','H','Near miss: wrong patient wristband.'),
('35','2025-12-08 07:22','2025-12-21 20:41','442','442','41','Radiology',NULL,'Anna M.','violence','','Documentation missing for procedure.'),
('36','2025-12-03 17:37',NULL,'113','000113','100','Radiology','64','ST-0064','wrong patient','','Patient nearly fell during transfer.'),
('37','17.05.2025 14:20','2025-04-21 23:12',NULL,'',NULL,'ICU',NULL,'NurseA','wrong pat.','medium','Infection control breach: hand hygiene missed.'),
('38','30.08.2025 09:05','yesterday',NULL,'MRN-000824','42','Lab','77','NU-077','near miss','H','Report filed late after shift.'),
('39','30.11.2025 04:10','yesterday',NULL,'',NULL,'','394','ST-0394','equipmnt fail','LOW','Delay in imaging due to system outage.'),
('40','2025-04-09 22:33','',NULL,'','81','Pharmacy',NULL,'','wrong pat.','H','Delay in imaging due to system outage.'),
('41','2025-10-22 22:22:52','2025-02-14 21:38:11','1685','001096','34','ED','469','DR-469','wrong patient','??','Wrong dose administered; corrected later.'),
('42','2025-04-07 02:33','22.05.2025 09:39',NULL,'',NULL,'Corridor',NULL,'Anna M.','other','critical','Patient nearly fell during transfer.'),
('43','2025-06-08 04:37:15','24.10.2025 02:01','606','000606','133','Ward 3','410','ST-0410','equipment failure','critical','Documentation missing for procedure.'),
('44','2025-07-04 01:13','2025-05-15 19:44','309','000309','76','W2-B7','176','ST-0176','delay','medium','Infection control breach: hand hygiene missed.'),
('45','2025-04-06 21:48','2025-11-17 18:54','1644','','43','Lab',NULL,'','infecton ctrl','low','Near miss: wrong patient wristband.'),
('46','2025-13-01 10:00','2025-03-01 08:22:00','1393','001393','13','ED-R13','281','NU-281','othre','med','Delay in imaging due to system outage.'),
('47','05.08.2025 16:32','2025-11-12 05:57:14','1405','','11','ED-R11',NULL,'','other','low','Near miss: wrong patient wristband.'),
('48','18.02.2025 16:52','2025-07-15 05:11:25','350','MRN-00027O','29','Waiting Room',NULL,'NurseA','equipment failure','high','Equipment alarm ignored; no harm.'),
('49','01.12.2025 09:18','2025-08-31 22:17:20',NULL,'',NULL,'Corridor','152','STAFF 152','documentation error','low','Wrong dose administered; corrected later.'),
('50','2025-12-12 11:14:36','2025-06-18 01:36',NULL,'','15','OR1','116','st0116','infection control','H','Report filed late after shift.');

INSERT INTO f_action_item(action_id,incident_id,assigned_staff_id,assigned_to_raw,due_date,completed_on,status,note) VALUES
('1','3270',NULL,'','2025-13-01','','','investigation pending'),
('2',NULL,NULL,'','','2025-01-12','','training scheduled'),
('3','1585',NULL,'???','','2025-07-11','done','policy reminder'),
('4','84','275','ST-0275','n/a','','done','follow-up call'),
('5','141',NULL,'Dr. Meier','n/a','','done',''),
('6','1190','139','ST-0139','2025-04-21','2025-02-20','open','investigation pending'),
('7',NULL,'394','ST-0394','2025-04-27','','??','investigation pending'),
('8','1617','470','DR-470','2025-06-18','','','duplicate?'),
('9','3388',NULL,'???','','','open',''),
('10','2829','299','STAFF 299','2025-09-08','','??','duplicate?'),
('11','1151','15','ST 0015','n/a','','done',''),
('12','986',NULL,'???','','','','investigation pending'),
('13','3088','287','st0287','2025-13-01','','wip','policy reminder'),
('14','124','271','NU-271','2025-04-07','','open','follow-up call'),
('15','1049','173','STAFF 173','2025-04-01','2025-08-22','wip','duplicate?'),
('16','24','230','DR-230','','','open','policy reminder'),
('17','1369','195','NU-195','2025-13-01','','done','duplicate?'),
('18','2147','408','NU-408','2025-02-24','2025-09-12','??','root cause unclear'),
('19',NULL,'460','ST-0460','n/a','','done','follow-up call'),
('20','310','362','DR-362','n/a','2025-07-03','','training scheduled'),
('21','752','221','DR-221','n/a','','done','policy reminder'),
('22','3126','115','NU-115','n/a','2025-10-19','??','duplicate?'),
('23','939','237','DR-237','2025-13-01','','done','follow-up call'),
('24',NULL,NULL,'','2025-13-01','2025-04-06','open','root cause unclear'),
('25','1710','305','STAFF 305','2025-03-06','2025-06-12','??','duplicate?'),
('26','2079','227','STAFF 227','n/a','','open','policy reminder'),
('27','565','157','ST-0157','2025-13-01','','','training scheduled'),
('28','459','35','STAFF 35','','2025-06-15','open',''),
('29','2013',NULL,'Dr. Meier','2025-13-01','','done','investigation pending'),
('30','3095','490','STAFF 490','','','done','investigation pending'),
('31','59','109','st0109','2025-13-01','2025-08-08','open','root cause unclear'),
('32','1593','330','DR-330','2025-08-04','2025-08-19','done','root cause unclear'),
('33','931','211','DR-211','2025-13-01','2025-12-25','done','duplicate?'),
('34','1288','104','NU-104','2025-13-01','','open','policy reminder'),
('35','2602',NULL,'???','2025-10-25','2025-03-05','wip','root cause unclear'),
('36','1084','476','st0476','n/a','2025-11-18','??','investigation pending'),
('37','2364','80','NU-080','n/a','2025-04-14','',''),
('38','763','240','NU-240','n/a','','open',''),
('39','2070','395','DR-395','2025-13-01','2025-02-14','done','follow-up call'),
('40','628',NULL,'','2025-13-01','','done','follow-up call'),
('41','178','231','DR-231','2025-07-26','','??',''),
('42','62','341','NU-341','n/a','','','root cause unclear'),
('43','827','468','D R 468','','','open','root cause unclear'),
('44','413',NULL,'','2025-13-01','2025-12-26','??',''),
('45','1695','243','ST-0243','n/a','','wip','root cause unclear'),
('46','1555','454','DR-454','2025-03-22','','done','root cause unclear'),
('47','535',NULL,'???','n/a','','done','duplicate?'),
('48','3189','491','DR-491','','2025-12-24','','training scheduled'),
('49','2642','217','DR-217','2025-04-04','2025-10-14','done','training scheduled'),
('50','3245',NULL,'quality.team','2025-10-23','','??','policy reminder');